poi_id,name_en,input_address,search_query_used,match_status,match_basis,matched_name,matched_address,matched_postal_code,latitude,longitude,review_note
demo-sg-merlion-park,Merlion Park,"1 Fullerton Road, Singapore 049213",49213,MATCHED,ADDRESS_LEVEL,ONE FULLERTON,1 FULLERTON ROAD ONE FULLERTON SINGAPORE 049213,49213,1.286188592798012,103.8541571399668,OneMap address-level coordinate for official venue; exact sub-attraction centroid not separately indexed.
demo-sg-singapore-zoo,Singapore Zoo,"80 Mandai Lake Road, Singapore 729826",729826,MATCHED,EXACT_POI,SINGAPORE ZOO,80 MANDAI LAKE ROAD SINGAPORE ZOO SINGAPORE 729826,729826,1.405594392694957,103.7895982929428,Exact postal code and clear OneMap POI/building-name match.
sg-flower-dome-cloud-forest,Flower Dome & Cloud Forest,"18 Marina Gardens Drive, Singapore 018953",018953,MATCHED,ADDRESS_LEVEL,GARDENS BY THE BAY,18 MARINA GARDENS DRIVE GARDENS BY THE BAY SINGAPORE 018953,018953,1.284588588663125,103.8646565996385,OneMap address-level coordinate for Gardens by the Bay official venue; sub-attraction not separately indexed.
sg-ocbc-skyway,OCBC Skyway,"18 Marina Gardens Drive, Singapore 018953",018953,MATCHED,ADDRESS_LEVEL,GARDENS BY THE BAY,18 MARINA GARDENS DRIVE GARDENS BY THE BAY SINGAPORE 018953,018953,1.284588588663125,103.8646565996385,OneMap address-level coordinate for Gardens by the Bay official venue; sub-attraction not separately indexed.
sg-supertree-observatory,Supertree Observatory,"18 Marina Gardens Drive, Singapore 018953",018953,MATCHED,ADDRESS_LEVEL,GARDENS BY THE BAY,18 MARINA GARDENS DRIVE GARDENS BY THE BAY SINGAPORE 018953,018953,1.284588588663125,103.8646565996385,OneMap address-level coordinate for Gardens by the Bay official venue; sub-attraction not separately indexed.
sg-mbs-skypark,Sands SkyPark Observation Deck,"Marina Bay Sands, 10 Bayfront Avenue, Singapore 018956",18956,MATCHED,ADDRESS_LEVEL,SANDS EXPO AND CONVENTION CENTRE,10 BAYFRONT AVENUE SANDS EXPO AND CONVENTION CENTRE SINGAPORE 018956,18956,1.282397137717063,103.8584053916593,OneMap address-level coordinate for official venue; exact sub-attraction centroid not separately indexed.
sg-artscience-museum,ArtScience Museum,"6 Bayfront Avenue, Singapore 018974",ArtScience Museum,MATCHED,EXACT_POI,MARINA BAY SANDS (ARTSCIENCE MUSEUM),6 BAYFRONT AVENUE MARINA BAY SANDS (ARTSCIENCE MUSEUM) SINGAPORE 018974,18974,1.286223958762737,103.8592711215884,Exact postal-code match.
sg-singapore-flyer,Singapore Flyer,"30 Raffles Avenue, Singapore 039803",39803,MATCHED,EXACT_POI,SINGAPORE FLYER,30 RAFFLES AVENUE SINGAPORE FLYER SINGAPORE 039803,39803,1.289072726634797,103.8629223070897,Exact postal code and clear OneMap POI/building-name match.
sg-national-gallery,National Gallery Singapore,"1 St Andrew's Road, Singapore 178957","1 St Andrew's Road, Singapore 178957",MATCHED,EXACT_POI,NATIONAL GALLERY SINGAPORE,1 SAINT ANDREW'S ROAD NATIONAL GALLERY SINGAPORE SINGAPORE 178957,178957,1.290655338403677,103.8517080135591,Exact postal-code match.
sg-asian-civilisations-museum,Asian Civilisations Museum,"1 Empress Place, Singapore 179555",Asian Civilisations Museum,MATCHED,EXACT_POI,ASIAN CIVILISATIONS MUSEUM,1 EMPRESS PLACE ASIAN CIVILISATIONS MUSEUM SINGAPORE 179555,179555,1.287440963695384,103.8513751396305,Exact postal-code match.
sg-singapore-city-gallery,Singapore City Gallery,"45 Maxwell Road, The URA Centre, Singapore 069118",THE URA CENTRE,MATCHED,ADDRESS_LEVEL,THE URA CENTRE,45 MAXWELL ROAD THE URA CENTRE SINGAPORE 069118,69118,1.279575624242642,103.8453130467147,"OneMap address-level coordinate for The URA Centre, the official location of Singapore City Gallery."
sg-buddha-tooth-relic-temple,Buddha Tooth Relic Temple and Museum,"288 South Bridge Road, Singapore 058840",58840,MATCHED,EXACT_POI,BUDDHA TOOTH RELIC TEMPLE & MUSEUM,288 SOUTH BRIDGE ROAD BUDDHA TOOTH RELIC TEMPLE & MUSEUM SINGAPORE 058840,58840,1.281494384802774,103.8442416530423,Exact postal code and clear OneMap POI/building-name match.
sg-sri-mariamman-temple,Sri Mariamman Temple,"244 South Bridge Road, Singapore 058793",Sri Mariamman Temple,MATCHED,EXACT_POI,SRI MARIAMMAN TEMPLE,244 SOUTH BRIDGE ROAD SRI MARIAMMAN TEMPLE SINGAPORE 058793,58793,1.282675820940335,103.8451554729462,Exact postal-code match.
sg-sultan-mosque,Sultan Mosque,"3 Muscat Street, Singapore 198833",198833,MATCHED,ADDRESS_LEVEL,MASJID SULTAN,3 MUSCAT STREET MASJID SULTAN SINGAPORE 198833,198833,1.302237512211979,103.8590042703744,OneMap address-level coordinate for official venue; exact sub-attraction centroid not separately indexed.
sg-indian-heritage-centre,Indian Heritage Centre,"5 Campbell Lane, Singapore 209924",Indian Heritage Centre,MATCHED,EXACT_POI,INDIAN HERITAGE CENTRE,5 CAMPBELL LANE INDIAN HERITAGE CENTRE SINGAPORE 209924,209924,1.305681278396115,103.852251898056,Exact postal-code match.
sg-botanic-gardens,Singapore Botanic Gardens,"1 Cluny Road, Singapore 259569",259569,MATCHED,EXACT_POI,SINGAPORE BOTANIC GARDENS (BANDSTAND GAZEBO),1 CLUNY ROAD SINGAPORE BOTANIC GARDENS (BANDSTAND GAZEBO) SINGAPORE 259569,259569,1.310386574197282,103.816319662593,Exact postal code and clear OneMap POI/building-name match.
sg-national-orchid-garden,National Orchid Garden,"National Orchid Garden, Singapore Botanic Gardens, 1 Cluny Road, Singapore 257683",257683,MATCHED,ADDRESS_LEVEL,GALLOP GARDENS,1 TYERSALL ROAD GALLOP GARDENS SINGAPORE 257683,257683,1.313051279861141,103.8123080089337,OneMap address-level coordinate for official venue; exact sub-attraction centroid not separately indexed.
sg-fort-canning-park,Fort Canning Park,"Bounded by Hill Street, Canning Rise, Clemenceau Avenue and River Valley Road, Singapore",Fort Canning Park,MATCHED,EXACT_POI,THE FOOTHILLS FORT CANNING PARK,THE FOOTHILLS FORT CANNING PARK,NIL,1.292109217943816,103.8457685017082,Exact postal code and clear OneMap POI/building-name match.
sg-sungei-buloh,Sungei Buloh Wetland Reserve,"Visitor Centre: 60 Kranji Way, Singapore 739453",Sungei Buloh Wetland Reserve,MATCHED,EXACT_POI,SUNGEI BULOH WETLAND RESERVE (VISITOR CENTRE),60 KRANJI WAY SUNGEI BULOH WETLAND RESERVE (VISITOR CENTRE) SINGAPORE 739453,739453,1.440183957193448,103.7353222939692,Exact postal-code match.
sg-river-wonders,River Wonders,"80 Mandai Lake Road, Singapore 729826",River Wonders,MATCHED,EXACT_POI,RIVER WONDERS,80 MANDAI LAKE ROAD RIVER WONDERS SINGAPORE 729826,729826,1.403661694766101,103.7924611800021,Exact postal-code match.
sg-bird-paradise,Bird Paradise,"20 Mandai Lake Road, Singapore 729825",729825,MATCHED,ADDRESS_LEVEL,RAINFOREST WILD ADVENTURE WEST,20 MANDAI LAKE ROAD RAINFOREST WILD ADVENTURE WEST SINGAPORE 729825,729825,1.40649071206902,103.7797038612256,OneMap address-level coordinate for official venue; exact sub-attraction centroid not separately indexed.
sg-night-safari,Night Safari,"80 Mandai Lake Road, Singapore 729826",Night Safari,MATCHED,EXACT_POI,NIGHT SAFARI,80 MANDAI LAKE ROAD NIGHT SAFARI SINGAPORE 729826,729826,1.401632665677564,103.7843352631017,Exact postal-code match.
sg-universal-studios,Universal Studios Singapore,"30 Sentosa Gateway, Singapore 098140","30 Sentosa Gateway, Singapore 098140",MATCHED,EXACT_POI,UNIVERSAL STUDIOS SINGAPORE,30 SENTOSA GATEWAY UNIVERSAL STUDIOS SINGAPORE SINGAPORE 098140,98140,1.256120917241762,103.822537262388,Exact postal-code match.
sg-singapore-oceanarium,Singapore Oceanarium,"24 Sentosa Gateway, Singapore 098137","24 Sentosa Gateway, Singapore 098137",MATCHED,EXACT_POI,SINGAPORE OCEANARIUM,24 SENTOSA GATEWAY SINGAPORE OCEANARIUM SINGAPORE 098137,98137,1.258360194027917,103.8205073285215,Exact postal-code match.
sg-adventure-cove,Adventure Cove Waterpark,"14 Sentosa Gateway, Singapore 098132",98132,MATCHED,ADDRESS_LEVEL,EQUARIUS WATER PARK,14 SENTOSA GATEWAY EQUARIUS WATER PARK SINGAPORE 098132,98132,1.257104032161734,103.8175360219054,OneMap address-level coordinate for official venue; exact sub-attraction centroid not separately indexed.
